{"cameraMode":{"drawMode":0,"name":"Shaded","section":"Shading Mode"},"sceneLighting":false,"audioPlay":false,"sceneViewState":{"m_AlwaysRefresh":false,"showFog":true,"showSkybox":false,"showFlares":true,"showImageEffects":true,"showParticleSystems":true,"showVisualEffectGraphs":true,"m_FxEnabled":true},"in2DMode":false,"pivot":{"x":0.000002384185791015625,"y":0.12591850757598878,"z":1.3963303565979005},"rotation":{"x":0.06299425661563873,"y":-0.8314578533172607,"z":0.09299933165311814,"w":0.5447545647621155},"size":8.939841270446778,"orthographic":false}