{"cameraMode":{"drawMode":0,"name":"Shaded","section":"Shading Mode"},"sceneLighting":false,"audioPlay":false,"sceneViewState":{"m_AlwaysRefresh":false,"showFog":true,"showSkybox":false,"showFlares":true,"showImageEffects":true,"showParticleSystems":true,"showVisualEffectGraphs":true,"m_FxEnabled":true},"in2DMode":false,"pivot":{"x":1.7943973541259766,"y":-1.5824990272521973,"z":-0.9551379680633545},"rotation":{"x":0.475912481546402,"y":0.07528780400753021,"z":-0.040934477001428607,"w":0.8753079771995544},"size":9.025385856628418,"orthographic":false}