{"cameraMode":{"drawMode":0,"name":"Shaded","section":"Shading Mode"},"sceneLighting":false,"audioPlay":false,"sceneViewState":{"m_AlwaysRefresh":false,"showFog":true,"showSkybox":false,"showFlares":true,"showImageEffects":true,"showParticleSystems":true,"showVisualEffectGraphs":true,"m_FxEnabled":true},"in2DMode":false,"pivot":{"x":1.3742071390151978,"y":-1.8006694316864014,"z":-1.0923517942428589},"rotation":{"x":0.6290563941001892,"y":-0.0022392014507204296,"z":0.0021116596180945637,"w":0.7777231931686401},"size":5.822006702423096,"orthographic":false}