{"cameraMode":{"drawMode":0,"name":"Shaded","section":"Shading Mode"},"sceneLighting":false,"audioPlay":false,"sceneViewState":{"m_AlwaysRefresh":false,"showFog":true,"showSkybox":false,"showFlares":true,"showImageEffects":true,"showParticleSystems":true,"showVisualEffectGraphs":true,"m_FxEnabled":true},"in2DMode":false,"pivot":{"x":1.3370099067687989,"y":-1.2800499200820923,"z":-1.9835795164108277},"rotation":{"x":-0.570087730884552,"y":0.035107702016830447,"z":-0.023940391838550569,"w":-0.8210346102714539},"size":4.782496929168701,"orthographic":false}